melina,leblanc,14/7/1972
laura,barre,7/10/2002
faustine,lebrun,4/2/1985
sara,marchal,5/5/1998
lena,weber,7/2/1984
justine,mallet,22/4/1975
romy,hamon,6/6/2001
oceane,boulanger,26/9/1962
eden,jacob,23/1/1982
julie,monnier,17/8/1995
emmy,michaud,14/3/1979
maya,rodriguez,9/7/1964
eloise,guichard,10/12/1982
thais,gillet,28/10/1983
livia,etienne,1/2/1968
maelle,grondin,16/2/1973
lila,poulain,25/9/1992
maryam,tessier,15/10/1971
roxane,chevallier,27/7/1971
leane,collin,13/6/2000
constance,chauvin,20/5/2001
zelie,da_silva,15/5/1990
salome,bouchet,17/6/2002
eden,gay,21/1/1986
lenny,lemaitre,27/2/1960
simon,benard,22/10/2002
alexis,marechal,8/1/1974
samuel,humbert,22/1/1985
tiago,reynaud,18/11/1984
augustin,antoine,23/3/1960
gaspard,hoarau,15/4/1983
leon,perret,23/10/1984
eliott,barthelemy,10/12/1999
lorenzo,cordier,27/3/1968
nino,pichon,19/5/1963
esteban,lejeune,7/11/1982
noa,gilbert,25/8/2000
mathys,lamy,11/3/1970
kais,delaunay,16/6/1965
lyam,pasquier,20/7/1973
ibrahim,carlier,13/2/1967
imran,laporte,16/7/1973
