soan,aubert,5/3/1990
leo,lemoine,22/8/1967
pierre,renaud,25/6/1974
thibault,dumas,20/9/1965
david,lacroix,9/10/1978
marceau,olivier,4/4/1993
wassim,philippe,11/9/1970
noham,bourgeois,20/9/2001
younes,pierre,16/5/1974
adem,benoit,25/6/1977
milo,rey,4/11/1995
gabriel,leclerc,13/12/1981
jules,payet,13/6/1962
lucas,rolland,21/4/1989
louis,leclercq,20/11/1971
adam,guillaume,18/11/1966
hugo,lecomte,1/4/1973
leo,lopez,12/11/1994
raphael,jean,18/4/1960
ethan,dupuy,2/9/1968
nathan,guillot,6/8/1979
arthur,hubert,13/10/1988
paul,berger,25/7/1987
nolan,carpentier,26/11/1971
liam,sanchez,11/4/1960
enzo,dupuis,26/3/1983
sacha,moulin,17/5/1981
tom,louis,24/11/1970
timeo,deschamps,7/2/1974
theo,huet,27/4/1975
noah,vasseur,3/1/1980
mael,perez,26/4/1985
gabin,boucher,27/9/1988
mohamed,fleury,25/2/1988
mathis,royer,20/2/1961
axel,klein,4/8/1993
maxime,jacquet,21/3/1969
baptiste,adam,17/1/1964
clement,paris,24/5/1962
aaron,poirier,23/2/1991
martin,marty,19/1/1963
antoine,aubry,22/5/1978
victor,guyot,7/3/1967
yanis,carre,4/6/1997
rayan,charles,3/12/1963
thomas,renault,21/8/1966
valentin,charpentier,18/6/1960
noe,menard,11/3/1991
robin,maillard,8/5/1983
maxence,baron,27/7/1963
evan,bertin,5/1/1993
alexandre,bailly,14/11/2000
matheo,herve,19/4/1989
marius,schneider,12/2/1996
camille,fernandez,10/12/1975
malo,le_gall,22/11/1986
nael,collet,8/7/1967
ilyes,leger,17/12/1990
benjamin,bouvier,21/10/1991
youssef,julien,4/1/1970
noam,prevost,5/12/1977
isaac,millet,23/1/1986
adrien,perrot,2/12/1980
ayoub,daniel,13/9/1982
