inaya,mercier,4/7/1966
margaux,blanc,3/8/1993
charlotte,guerin,10/11/1992
maelys,boyer,15/7/1963
agathe,garnier,17/8/1985
leonie,chevalier,24/10/1999
mia,francois,1/11/1995
elsa,legrand,14/12/1966
lana,gauthier,28/9/1961
clemence,garcia,3/7/1987
anais,perrin,2/6/1997
sofia,robin,3/8/1969
olivia,clement,19/10/1964
mathilde,morin,5/12/1978
adele,nicolas,24/5/1988
alicia,henry,1/12/1976
margot,roussel,14/3/2001
elena,mathieu,13/4/1997
giulia,gautier,19/5/1961
capucine,masson,8/5/1999
aya,marchand,12/4/1989
victoria,duval,6/8/1982
ines,denis,27/11/1981
yasmine,dumont,3/3/1976
lily,marie,28/6/1983
pauline,lemaire,9/10/1964
lisa,noel,14/1/1991
leana,meyer,23/7/1989
luna,dufour,8/7/1968
elise,meunier,9/4/1985
noemie,brun,2/5/1976
marie,blanchard,8/11/1965
assia,giraud,16/5/1973
lya,joly,28/6/1986
kylian,riviere,19/9/1971
william,lucas,7/12/1987
louka,brunet,16/7/1990
raphael,gaillard,6/1/1970
quentin,barbier,2/8/1969
milan,arnaud,4/4/1975
diego,martinez,2/11/1962
lyna,gerard,8/3/1996
emy,roche,28/1/1984
soline,renard,9/2/1999
mya,schmitt,17/12/1969
nour,roy,22/6/1977
celia,leroux,14/3/1998
lise,colin,1/4/1976
amir,vidal,26/8/1994
jean,caron,24/3/1984
bastien,picard,5/6/1978
rafael,roger,18/9/1981
joseph,fabre,26/3/1998
