ambre,bonnet,15/9/1979
louna,dupont,28/8/1975
romane,lambert,9/1/1992
louise,martin,18/1/1996
emma,bernard,24/6/1972
jade,thomas,18/8/1961
chloe,petit,15/10/1966
manon,robert,20/12/1976
alice,richard,3/5/1994
lina,durand,11/3/1965
lea,dubois,21/9/1972
lola,moreau,6/1/1965
camille,laurent,10/4/1962
ines,simon,10/11/1986
sarah,michel,15/4/1980
anna,lefevre,12/9/1979
zoe,leroy,10/10/1995
lucie,roux,26/2/2000
mila,david,6/2/1972
juliette,bertrand,12/5/1998
julia,morel,16/8/1980
lena,fournier,21/8/1987
rose,girard,25/2/1978
eva,fontaine,12/10/1967
jeanne,rousseau,2/7/1977
clara,vincent,7/10/1994
nina,muller,9/10/1997
louane,lefevre,6/7/1972
lou,faure,3/1/1969
lilou,andre,1/7/1968
